kind	class	method	param	index	uri
PARAMETER	com.github.benmanes.caffeine.cache.Expiry	expireAfterCreate(K,V,long)	key	0	/Users/nima/Desktop/annot/caffeine/caffeine/src/main/java/com/github/benmanes/caffeine/cache/Expiry.java
PARAMETER	com.github.benmanes.caffeine.cache.Expiry	expireAfterCreate(K,V,long)	value	1	/Users/nima/Desktop/annot/caffeine/caffeine/src/main/java/com/github/benmanes/caffeine/cache/Expiry.java
PARAMETER	com.github.benmanes.caffeine.cache.Expiry	expireAfterUpdate(K,V,long,long)	key	0	/Users/nima/Desktop/annot/caffeine/caffeine/src/main/java/com/github/benmanes/caffeine/cache/Expiry.java
PARAMETER	com.github.benmanes.caffeine.cache.Expiry	expireAfterUpdate(K,V,long,long)	value	1	/Users/nima/Desktop/annot/caffeine/caffeine/src/main/java/com/github/benmanes/caffeine/cache/Expiry.java
PARAMETER	com.github.benmanes.caffeine.cache.Expiry	expireAfterRead(K,V,long,long)	key	0	/Users/nima/Desktop/annot/caffeine/caffeine/src/main/java/com/github/benmanes/caffeine/cache/Expiry.java
PARAMETER	com.github.benmanes.caffeine.cache.Expiry	expireAfterRead(K,V,long,long)	value	1	/Users/nima/Desktop/annot/caffeine/caffeine/src/main/java/com/github/benmanes/caffeine/cache/Expiry.java
PARAMETER	com.github.benmanes.caffeine.cache.AsyncCacheLoader	asyncLoad(K,java.util.concurrent.Executor)	key	0	/Users/nima/Desktop/annot/caffeine/caffeine/src/main/java/com/github/benmanes/caffeine/cache/AsyncCacheLoader.java
PARAMETER	com.github.benmanes.caffeine.cache.AsyncCacheLoader	asyncLoad(K,java.util.concurrent.Executor)	executor	1	/Users/nima/Desktop/annot/caffeine/caffeine/src/main/java/com/github/benmanes/caffeine/cache/AsyncCacheLoader.java
METHOD	com.github.benmanes.caffeine.cache.AsyncCacheLoader	asyncLoad(K,java.util.concurrent.Executor)	null	null	/Users/nima/Desktop/annot/caffeine/caffeine/src/main/java/com/github/benmanes/caffeine/cache/AsyncCacheLoader.java
PARAMETER	com.github.benmanes.caffeine.cache.AsyncCacheLoader	asyncLoadAll(java.lang.Iterable,java.util.concurrent.Executor)	keys	0	/Users/nima/Desktop/annot/caffeine/caffeine/src/main/java/com/github/benmanes/caffeine/cache/AsyncCacheLoader.java
PARAMETER	com.github.benmanes.caffeine.cache.AsyncCacheLoader	asyncLoadAll(java.lang.Iterable,java.util.concurrent.Executor)	executor	1	/Users/nima/Desktop/annot/caffeine/caffeine/src/main/java/com/github/benmanes/caffeine/cache/AsyncCacheLoader.java
METHOD	com.github.benmanes.caffeine.cache.AsyncCacheLoader	asyncLoadAll(java.lang.Iterable,java.util.concurrent.Executor)	null	null	/Users/nima/Desktop/annot/caffeine/caffeine/src/main/java/com/github/benmanes/caffeine/cache/AsyncCacheLoader.java
PARAMETER	com.github.benmanes.caffeine.cache.AsyncCacheLoader	asyncReload(K,V,java.util.concurrent.Executor)	key	0	/Users/nima/Desktop/annot/caffeine/caffeine/src/main/java/com/github/benmanes/caffeine/cache/AsyncCacheLoader.java
PARAMETER	com.github.benmanes.caffeine.cache.AsyncCacheLoader	asyncReload(K,V,java.util.concurrent.Executor)	oldValue	1	/Users/nima/Desktop/annot/caffeine/caffeine/src/main/java/com/github/benmanes/caffeine/cache/AsyncCacheLoader.java
PARAMETER	com.github.benmanes.caffeine.cache.AsyncCacheLoader	asyncReload(K,V,java.util.concurrent.Executor)	executor	2	/Users/nima/Desktop/annot/caffeine/caffeine/src/main/java/com/github/benmanes/caffeine/cache/AsyncCacheLoader.java
METHOD	com.github.benmanes.caffeine.cache.AsyncCacheLoader	asyncReload(K,V,java.util.concurrent.Executor)	null	null	/Users/nima/Desktop/annot/caffeine/caffeine/src/main/java/com/github/benmanes/caffeine/cache/AsyncCacheLoader.java
PARAMETER	com.github.benmanes.caffeine.cache.LocalAsyncLoadingCache	getIfPresent(java.lang.Object)	key	0	/Users/nima/Desktop/annot/caffeine/caffeine/src/main/java/com/github/benmanes/caffeine/cache/LocalAsyncLoadingCache.java
PARAMETER	com.github.benmanes.caffeine.cache.LocalAsyncLoadingCache	get(K,java.util.function.Function)	key	0	/Users/nima/Desktop/annot/caffeine/caffeine/src/main/java/com/github/benmanes/caffeine/cache/LocalAsyncLoadingCache.java
PARAMETER	com.github.benmanes.caffeine.cache.LocalAsyncLoadingCache	get(K,java.util.function.Function)	mappingFunction	1	/Users/nima/Desktop/annot/caffeine/caffeine/src/main/java/com/github/benmanes/caffeine/cache/LocalAsyncLoadingCache.java
PARAMETER	com.github.benmanes.caffeine.cache.AsyncLoadingCache	getIfPresent(java.lang.Object)	key	0	/Users/nima/Desktop/annot/caffeine/caffeine/src/main/java/com/github/benmanes/caffeine/cache/AsyncLoadingCache.java
PARAMETER	com.github.benmanes.caffeine.cache.AsyncLoadingCache	get(K,java.util.function.Function)	key	0	/Users/nima/Desktop/annot/caffeine/caffeine/src/main/java/com/github/benmanes/caffeine/cache/AsyncLoadingCache.java
PARAMETER	com.github.benmanes.caffeine.cache.AsyncLoadingCache	get(K,java.util.function.Function)	mappingFunction	1	/Users/nima/Desktop/annot/caffeine/caffeine/src/main/java/com/github/benmanes/caffeine/cache/AsyncLoadingCache.java
METHOD	com.github.benmanes.caffeine.cache.AsyncLoadingCache	get(K,java.util.function.Function)	null	null	/Users/nima/Desktop/annot/caffeine/caffeine/src/main/java/com/github/benmanes/caffeine/cache/AsyncLoadingCache.java
PARAMETER	com.github.benmanes.caffeine.cache.AsyncLoadingCache	get(K,java.util.function.BiFunction)	key	0	/Users/nima/Desktop/annot/caffeine/caffeine/src/main/java/com/github/benmanes/caffeine/cache/AsyncLoadingCache.java
PARAMETER	com.github.benmanes.caffeine.cache.AsyncLoadingCache	get(K,java.util.function.BiFunction)	mappingFunction	1	/Users/nima/Desktop/annot/caffeine/caffeine/src/main/java/com/github/benmanes/caffeine/cache/AsyncLoadingCache.java
METHOD	com.github.benmanes.caffeine.cache.AsyncLoadingCache	get(K,java.util.function.BiFunction)	null	null	/Users/nima/Desktop/annot/caffeine/caffeine/src/main/java/com/github/benmanes/caffeine/cache/AsyncLoadingCache.java
PARAMETER	com.github.benmanes.caffeine.cache.AsyncLoadingCache	get(K)	key	0	/Users/nima/Desktop/annot/caffeine/caffeine/src/main/java/com/github/benmanes/caffeine/cache/AsyncLoadingCache.java
METHOD	com.github.benmanes.caffeine.cache.AsyncLoadingCache	get(K)	null	null	/Users/nima/Desktop/annot/caffeine/caffeine/src/main/java/com/github/benmanes/caffeine/cache/AsyncLoadingCache.java
PARAMETER	com.github.benmanes.caffeine.cache.AsyncLoadingCache	getAll(java.lang.Iterable)	keys	0	/Users/nima/Desktop/annot/caffeine/caffeine/src/main/java/com/github/benmanes/caffeine/cache/AsyncLoadingCache.java
METHOD	com.github.benmanes.caffeine.cache.AsyncLoadingCache	getAll(java.lang.Iterable)	null	null	/Users/nima/Desktop/annot/caffeine/caffeine/src/main/java/com/github/benmanes/caffeine/cache/AsyncLoadingCache.java
PARAMETER	com.github.benmanes.caffeine.cache.AsyncLoadingCache	put(K,java.util.concurrent.CompletableFuture)	key	0	/Users/nima/Desktop/annot/caffeine/caffeine/src/main/java/com/github/benmanes/caffeine/cache/AsyncLoadingCache.java
PARAMETER	com.github.benmanes.caffeine.cache.AsyncLoadingCache	put(K,java.util.concurrent.CompletableFuture)	valueFuture	1	/Users/nima/Desktop/annot/caffeine/caffeine/src/main/java/com/github/benmanes/caffeine/cache/AsyncLoadingCache.java
METHOD	com.github.benmanes.caffeine.cache.AsyncLoadingCache	synchronous()	null	null	/Users/nima/Desktop/annot/caffeine/caffeine/src/main/java/com/github/benmanes/caffeine/cache/AsyncLoadingCache.java
METHOD	com.github.benmanes.caffeine.cache.LocalCache	statsCounter()	null	null	/Users/nima/Desktop/annot/caffeine/caffeine/src/main/java/com/github/benmanes/caffeine/cache/LocalCache.java
METHOD	com.github.benmanes.caffeine.cache.LocalCache	executor()	null	null	/Users/nima/Desktop/annot/caffeine/caffeine/src/main/java/com/github/benmanes/caffeine/cache/LocalCache.java
METHOD	com.github.benmanes.caffeine.cache.LocalCache	expirationTicker()	null	null	/Users/nima/Desktop/annot/caffeine/caffeine/src/main/java/com/github/benmanes/caffeine/cache/LocalCache.java
METHOD	com.github.benmanes.caffeine.cache.LocalCache	statsTicker()	null	null	/Users/nima/Desktop/annot/caffeine/caffeine/src/main/java/com/github/benmanes/caffeine/cache/LocalCache.java
PARAMETER	com.github.benmanes.caffeine.cache.LocalCache	getIfPresent(java.lang.Object,boolean)	key	0	/Users/nima/Desktop/annot/caffeine/caffeine/src/main/java/com/github/benmanes/caffeine/cache/LocalCache.java
PARAMETER	com.github.benmanes.caffeine.cache.LocalCache	getIfPresentQuietly(java.lang.Object,long[])	key	0	/Users/nima/Desktop/annot/caffeine/caffeine/src/main/java/com/github/benmanes/caffeine/cache/LocalCache.java
PARAMETER	com.github.benmanes.caffeine.cache.LocalCache	getIfPresentQuietly(java.lang.Object,long[])	writeTime	1	/Users/nima/Desktop/annot/caffeine/caffeine/src/main/java/com/github/benmanes/caffeine/cache/LocalCache.java
PARAMETER	com.github.benmanes.caffeine.cache.LocalCache	getAllPresent(java.lang.Iterable)	keys	0	/Users/nima/Desktop/annot/caffeine/caffeine/src/main/java/com/github/benmanes/caffeine/cache/LocalCache.java
METHOD	com.github.benmanes.caffeine.cache.LocalCache	getAllPresent(java.lang.Iterable)	null	null	/Users/nima/Desktop/annot/caffeine/caffeine/src/main/java/com/github/benmanes/caffeine/cache/LocalCache.java
PARAMETER	com.github.benmanes.caffeine.cache.LocalCache	put(K,V,boolean)	key	0	/Users/nima/Desktop/annot/caffeine/caffeine/src/main/java/com/github/benmanes/caffeine/cache/LocalCache.java
PARAMETER	com.github.benmanes.caffeine.cache.LocalCache	put(K,V,boolean)	value	1	/Users/nima/Desktop/annot/caffeine/caffeine/src/main/java/com/github/benmanes/caffeine/cache/LocalCache.java
PARAMETER	com.github.benmanes.caffeine.cache.LoadingCache	get(K)	key	0	/Users/nima/Desktop/annot/caffeine/caffeine/src/main/java/com/github/benmanes/caffeine/cache/LoadingCache.java
PARAMETER	com.github.benmanes.caffeine.cache.LoadingCache	getAll(java.lang.Iterable)	keys	0	/Users/nima/Desktop/annot/caffeine/caffeine/src/main/java/com/github/benmanes/caffeine/cache/LoadingCache.java
METHOD	com.github.benmanes.caffeine.cache.LoadingCache	getAll(java.lang.Iterable)	null	null	/Users/nima/Desktop/annot/caffeine/caffeine/src/main/java/com/github/benmanes/caffeine/cache/LoadingCache.java
PARAMETER	com.github.benmanes.caffeine.cache.LoadingCache	refresh(K)	key	0	/Users/nima/Desktop/annot/caffeine/caffeine/src/main/java/com/github/benmanes/caffeine/cache/LoadingCache.java
PARAMETER	com.github.benmanes.caffeine.cache.Cache	getIfPresent(java.lang.Object)	key	0	/Users/nima/Desktop/annot/caffeine/caffeine/src/main/java/com/github/benmanes/caffeine/cache/Cache.java
PARAMETER	com.github.benmanes.caffeine.cache.Cache	get(K,java.util.function.Function)	key	0	/Users/nima/Desktop/annot/caffeine/caffeine/src/main/java/com/github/benmanes/caffeine/cache/Cache.java
PARAMETER	com.github.benmanes.caffeine.cache.Cache	get(K,java.util.function.Function)	mappingFunction	1	/Users/nima/Desktop/annot/caffeine/caffeine/src/main/java/com/github/benmanes/caffeine/cache/Cache.java
PARAMETER	com.github.benmanes.caffeine.cache.Cache	getAllPresent(java.lang.Iterable)	keys	0	/Users/nima/Desktop/annot/caffeine/caffeine/src/main/java/com/github/benmanes/caffeine/cache/Cache.java
METHOD	com.github.benmanes.caffeine.cache.Cache	getAllPresent(java.lang.Iterable)	null	null	/Users/nima/Desktop/annot/caffeine/caffeine/src/main/java/com/github/benmanes/caffeine/cache/Cache.java
PARAMETER	com.github.benmanes.caffeine.cache.Cache	put(K,V)	key	0	/Users/nima/Desktop/annot/caffeine/caffeine/src/main/java/com/github/benmanes/caffeine/cache/Cache.java
PARAMETER	com.github.benmanes.caffeine.cache.Cache	put(K,V)	value	1	/Users/nima/Desktop/annot/caffeine/caffeine/src/main/java/com/github/benmanes/caffeine/cache/Cache.java
PARAMETER	com.github.benmanes.caffeine.cache.Cache	putAll(java.util.Map)	map	0	/Users/nima/Desktop/annot/caffeine/caffeine/src/main/java/com/github/benmanes/caffeine/cache/Cache.java
PARAMETER	com.github.benmanes.caffeine.cache.Cache	invalidate(java.lang.Object)	key	0	/Users/nima/Desktop/annot/caffeine/caffeine/src/main/java/com/github/benmanes/caffeine/cache/Cache.java
PARAMETER	com.github.benmanes.caffeine.cache.Cache	invalidateAll(java.lang.Iterable)	keys	0	/Users/nima/Desktop/annot/caffeine/caffeine/src/main/java/com/github/benmanes/caffeine/cache/Cache.java
METHOD	com.github.benmanes.caffeine.cache.Cache	stats()	null	null	/Users/nima/Desktop/annot/caffeine/caffeine/src/main/java/com/github/benmanes/caffeine/cache/Cache.java
METHOD	com.github.benmanes.caffeine.cache.Cache	asMap()	null	null	/Users/nima/Desktop/annot/caffeine/caffeine/src/main/java/com/github/benmanes/caffeine/cache/Cache.java
METHOD	com.github.benmanes.caffeine.cache.Cache	policy()	null	null	/Users/nima/Desktop/annot/caffeine/caffeine/src/main/java/com/github/benmanes/caffeine/cache/Cache.java
METHOD	com.github.benmanes.caffeine.cache.Policy	eviction()	null	null	/Users/nima/Desktop/annot/caffeine/caffeine/src/main/java/com/github/benmanes/caffeine/cache/Policy.java
METHOD	com.github.benmanes.caffeine.cache.Policy	expireAfterAccess()	null	null	/Users/nima/Desktop/annot/caffeine/caffeine/src/main/java/com/github/benmanes/caffeine/cache/Policy.java
METHOD	com.github.benmanes.caffeine.cache.Policy	expireAfterWrite()	null	null	/Users/nima/Desktop/annot/caffeine/caffeine/src/main/java/com/github/benmanes/caffeine/cache/Policy.java
METHOD	com.github.benmanes.caffeine.cache.Policy	expireVariably()	null	null	/Users/nima/Desktop/annot/caffeine/caffeine/src/main/java/com/github/benmanes/caffeine/cache/Policy.java
METHOD	com.github.benmanes.caffeine.cache.Policy	refreshAfterWrite()	null	null	/Users/nima/Desktop/annot/caffeine/caffeine/src/main/java/com/github/benmanes/caffeine/cache/Policy.java
PARAMETER	com.github.benmanes.caffeine.cache.Policy$Eviction	weightOf(K)	key	0	/Users/nima/Desktop/annot/caffeine/caffeine/src/main/java/com/github/benmanes/caffeine/cache/Policy.java
METHOD	com.github.benmanes.caffeine.cache.Policy$Eviction	weightOf(K)	null	null	/Users/nima/Desktop/annot/caffeine/caffeine/src/main/java/com/github/benmanes/caffeine/cache/Policy.java
METHOD	com.github.benmanes.caffeine.cache.Policy$Eviction	weightedSize()	null	null	/Users/nima/Desktop/annot/caffeine/caffeine/src/main/java/com/github/benmanes/caffeine/cache/Policy.java
METHOD	com.github.benmanes.caffeine.cache.Policy$Eviction	coldest(int)	null	null	/Users/nima/Desktop/annot/caffeine/caffeine/src/main/java/com/github/benmanes/caffeine/cache/Policy.java
METHOD	com.github.benmanes.caffeine.cache.Policy$Eviction	hottest(int)	null	null	/Users/nima/Desktop/annot/caffeine/caffeine/src/main/java/com/github/benmanes/caffeine/cache/Policy.java
PARAMETER	com.github.benmanes.caffeine.cache.Policy$Expiration	ageOf(K,java.util.concurrent.TimeUnit)	key	0	/Users/nima/Desktop/annot/caffeine/caffeine/src/main/java/com/github/benmanes/caffeine/cache/Policy.java
PARAMETER	com.github.benmanes.caffeine.cache.Policy$Expiration	ageOf(K,java.util.concurrent.TimeUnit)	unit	1	/Users/nima/Desktop/annot/caffeine/caffeine/src/main/java/com/github/benmanes/caffeine/cache/Policy.java
METHOD	com.github.benmanes.caffeine.cache.Policy$Expiration	ageOf(K,java.util.concurrent.TimeUnit)	null	null	/Users/nima/Desktop/annot/caffeine/caffeine/src/main/java/com/github/benmanes/caffeine/cache/Policy.java
PARAMETER	com.github.benmanes.caffeine.cache.Policy$Expiration	getExpiresAfter(java.util.concurrent.TimeUnit)	unit	0	/Users/nima/Desktop/annot/caffeine/caffeine/src/main/java/com/github/benmanes/caffeine/cache/Policy.java
PARAMETER	com.github.benmanes.caffeine.cache.Policy$Expiration	setExpiresAfter(long,java.util.concurrent.TimeUnit)	unit	1	/Users/nima/Desktop/annot/caffeine/caffeine/src/main/java/com/github/benmanes/caffeine/cache/Policy.java
METHOD	com.github.benmanes.caffeine.cache.Policy$Expiration	oldest(int)	null	null	/Users/nima/Desktop/annot/caffeine/caffeine/src/main/java/com/github/benmanes/caffeine/cache/Policy.java
METHOD	com.github.benmanes.caffeine.cache.Policy$Expiration	youngest(int)	null	null	/Users/nima/Desktop/annot/caffeine/caffeine/src/main/java/com/github/benmanes/caffeine/cache/Policy.java
PARAMETER	com.github.benmanes.caffeine.cache.Policy$VarExpiration	getExpiresAfter(K,java.util.concurrent.TimeUnit)	key	0	/Users/nima/Desktop/annot/caffeine/caffeine/src/main/java/com/github/benmanes/caffeine/cache/Policy.java
PARAMETER	com.github.benmanes.caffeine.cache.Policy$VarExpiration	getExpiresAfter(K,java.util.concurrent.TimeUnit)	unit	1	/Users/nima/Desktop/annot/caffeine/caffeine/src/main/java/com/github/benmanes/caffeine/cache/Policy.java
METHOD	com.github.benmanes.caffeine.cache.Policy$VarExpiration	getExpiresAfter(K,java.util.concurrent.TimeUnit)	null	null	/Users/nima/Desktop/annot/caffeine/caffeine/src/main/java/com/github/benmanes/caffeine/cache/Policy.java
PARAMETER	com.github.benmanes.caffeine.cache.Policy$VarExpiration	setExpiresAfter(K,long,java.util.concurrent.TimeUnit)	key	0	/Users/nima/Desktop/annot/caffeine/caffeine/src/main/java/com/github/benmanes/caffeine/cache/Policy.java
PARAMETER	com.github.benmanes.caffeine.cache.Policy$VarExpiration	setExpiresAfter(K,long,java.util.concurrent.TimeUnit)	unit	2	/Users/nima/Desktop/annot/caffeine/caffeine/src/main/java/com/github/benmanes/caffeine/cache/Policy.java
PARAMETER	com.github.benmanes.caffeine.cache.Policy$VarExpiration	putIfAbsent(K,V,long,java.util.concurrent.TimeUnit)	key	0	/Users/nima/Desktop/annot/caffeine/caffeine/src/main/java/com/github/benmanes/caffeine/cache/Policy.java
PARAMETER	com.github.benmanes.caffeine.cache.Policy$VarExpiration	putIfAbsent(K,V,long,java.util.concurrent.TimeUnit)	value	1	/Users/nima/Desktop/annot/caffeine/caffeine/src/main/java/com/github/benmanes/caffeine/cache/Policy.java
PARAMETER	com.github.benmanes.caffeine.cache.Policy$VarExpiration	putIfAbsent(K,V,long,java.util.concurrent.TimeUnit)	unit	3	/Users/nima/Desktop/annot/caffeine/caffeine/src/main/java/com/github/benmanes/caffeine/cache/Policy.java
PARAMETER	com.github.benmanes.caffeine.cache.Policy$VarExpiration	put(K,V,long,java.util.concurrent.TimeUnit)	key	0	/Users/nima/Desktop/annot/caffeine/caffeine/src/main/java/com/github/benmanes/caffeine/cache/Policy.java
PARAMETER	com.github.benmanes.caffeine.cache.Policy$VarExpiration	put(K,V,long,java.util.concurrent.TimeUnit)	value	1	/Users/nima/Desktop/annot/caffeine/caffeine/src/main/java/com/github/benmanes/caffeine/cache/Policy.java
PARAMETER	com.github.benmanes.caffeine.cache.Policy$VarExpiration	put(K,V,long,java.util.concurrent.TimeUnit)	unit	3	/Users/nima/Desktop/annot/caffeine/caffeine/src/main/java/com/github/benmanes/caffeine/cache/Policy.java
METHOD	com.github.benmanes.caffeine.cache.Policy$VarExpiration	oldest(int)	null	null	/Users/nima/Desktop/annot/caffeine/caffeine/src/main/java/com/github/benmanes/caffeine/cache/Policy.java
METHOD	com.github.benmanes.caffeine.cache.Policy$VarExpiration	youngest(int)	null	null	/Users/nima/Desktop/annot/caffeine/caffeine/src/main/java/com/github/benmanes/caffeine/cache/Policy.java
METHOD	com.github.benmanes.caffeine.cache.stats.CacheStats	empty()	null	null	/Users/nima/Desktop/annot/caffeine/caffeine/src/main/java/com/github/benmanes/caffeine/cache/stats/CacheStats.java
PARAMETER	com.github.benmanes.caffeine.cache.stats.CacheStats	minus(com.github.benmanes.caffeine.cache.stats.CacheStats)	other	0	/Users/nima/Desktop/annot/caffeine/caffeine/src/main/java/com/github/benmanes/caffeine/cache/stats/CacheStats.java
METHOD	com.github.benmanes.caffeine.cache.stats.CacheStats	minus(com.github.benmanes.caffeine.cache.stats.CacheStats)	null	null	/Users/nima/Desktop/annot/caffeine/caffeine/src/main/java/com/github/benmanes/caffeine/cache/stats/CacheStats.java
PARAMETER	com.github.benmanes.caffeine.cache.stats.CacheStats	plus(com.github.benmanes.caffeine.cache.stats.CacheStats)	other	0	/Users/nima/Desktop/annot/caffeine/caffeine/src/main/java/com/github/benmanes/caffeine/cache/stats/CacheStats.java
METHOD	com.github.benmanes.caffeine.cache.stats.CacheStats	plus(com.github.benmanes.caffeine.cache.stats.CacheStats)	null	null	/Users/nima/Desktop/annot/caffeine/caffeine/src/main/java/com/github/benmanes/caffeine/cache/stats/CacheStats.java
METHOD	com.github.benmanes.caffeine.cache.stats.StatsCounter	snapshot()	null	null	/Users/nima/Desktop/annot/caffeine/caffeine/src/main/java/com/github/benmanes/caffeine/cache/stats/StatsCounter.java
METHOD	com.github.benmanes.caffeine.cache.stats.StatsCounter	disabledStatsCounter()	null	null	/Users/nima/Desktop/annot/caffeine/caffeine/src/main/java/com/github/benmanes/caffeine/cache/stats/StatsCounter.java
PARAMETER	com.github.benmanes.caffeine.cache.stats.StatsCounter	guardedStatsCounter(com.github.benmanes.caffeine.cache.stats.StatsCounter)	statsCounter	0	/Users/nima/Desktop/annot/caffeine/caffeine/src/main/java/com/github/benmanes/caffeine/cache/stats/StatsCounter.java
METHOD	com.github.benmanes.caffeine.cache.stats.StatsCounter	guardedStatsCounter(com.github.benmanes.caffeine.cache.stats.StatsCounter)	null	null	/Users/nima/Desktop/annot/caffeine/caffeine/src/main/java/com/github/benmanes/caffeine/cache/stats/StatsCounter.java
PARAMETER	com.github.benmanes.caffeine.cache.RemovalListener	onRemoval(K,V,com.github.benmanes.caffeine.cache.RemovalCause)	cause	2	/Users/nima/Desktop/annot/caffeine/caffeine/src/main/java/com/github/benmanes/caffeine/cache/RemovalListener.java
METHOD	com.github.benmanes.caffeine.cache.Ticker	systemTicker()	null	null	/Users/nima/Desktop/annot/caffeine/caffeine/src/main/java/com/github/benmanes/caffeine/cache/Ticker.java
METHOD	com.github.benmanes.caffeine.cache.Ticker	disabledTicker()	null	null	/Users/nima/Desktop/annot/caffeine/caffeine/src/main/java/com/github/benmanes/caffeine/cache/Ticker.java
PARAMETER	com.github.benmanes.caffeine.cache.Weigher	weigh(K,V)	key	0	/Users/nima/Desktop/annot/caffeine/caffeine/src/main/java/com/github/benmanes/caffeine/cache/Weigher.java
PARAMETER	com.github.benmanes.caffeine.cache.Weigher	weigh(K,V)	value	1	/Users/nima/Desktop/annot/caffeine/caffeine/src/main/java/com/github/benmanes/caffeine/cache/Weigher.java
METHOD	com.github.benmanes.caffeine.cache.Weigher	singletonWeigher()	null	null	/Users/nima/Desktop/annot/caffeine/caffeine/src/main/java/com/github/benmanes/caffeine/cache/Weigher.java
PARAMETER	com.github.benmanes.caffeine.cache.Weigher	boundedWeigher(com.github.benmanes.caffeine.cache.Weigher)	delegate	0	/Users/nima/Desktop/annot/caffeine/caffeine/src/main/java/com/github/benmanes/caffeine/cache/Weigher.java
METHOD	com.github.benmanes.caffeine.cache.Weigher	boundedWeigher(com.github.benmanes.caffeine.cache.Weigher)	null	null	/Users/nima/Desktop/annot/caffeine/caffeine/src/main/java/com/github/benmanes/caffeine/cache/Weigher.java
PARAMETER	com.github.benmanes.caffeine.cache.Buffer	offer(E)	e	0	/Users/nima/Desktop/annot/caffeine/caffeine/src/main/java/com/github/benmanes/caffeine/cache/Buffer.java
PARAMETER	com.github.benmanes.caffeine.cache.Buffer	drainTo(java.util.function.Consumer)	consumer	0	/Users/nima/Desktop/annot/caffeine/caffeine/src/main/java/com/github/benmanes/caffeine/cache/Buffer.java
PARAMETER	com.github.benmanes.caffeine.cache.CacheLoader	load(K)	key	0	/Users/nima/Desktop/annot/caffeine/caffeine/src/main/java/com/github/benmanes/caffeine/cache/CacheLoader.java
PARAMETER	com.github.benmanes.caffeine.cache.CacheLoader	loadAll(java.lang.Iterable)	keys	0	/Users/nima/Desktop/annot/caffeine/caffeine/src/main/java/com/github/benmanes/caffeine/cache/CacheLoader.java
METHOD	com.github.benmanes.caffeine.cache.CacheLoader	loadAll(java.lang.Iterable)	null	null	/Users/nima/Desktop/annot/caffeine/caffeine/src/main/java/com/github/benmanes/caffeine/cache/CacheLoader.java
PARAMETER	com.github.benmanes.caffeine.cache.CacheLoader	asyncLoad(K,java.util.concurrent.Executor)	key	0	/Users/nima/Desktop/annot/caffeine/caffeine/src/main/java/com/github/benmanes/caffeine/cache/CacheLoader.java
PARAMETER	com.github.benmanes.caffeine.cache.CacheLoader	asyncLoad(K,java.util.concurrent.Executor)	executor	1	/Users/nima/Desktop/annot/caffeine/caffeine/src/main/java/com/github/benmanes/caffeine/cache/CacheLoader.java
METHOD	com.github.benmanes.caffeine.cache.CacheLoader	asyncLoad(K,java.util.concurrent.Executor)	null	null	/Users/nima/Desktop/annot/caffeine/caffeine/src/main/java/com/github/benmanes/caffeine/cache/CacheLoader.java
PARAMETER	com.github.benmanes.caffeine.cache.CacheLoader	asyncLoadAll(java.lang.Iterable,java.util.concurrent.Executor)	keys	0	/Users/nima/Desktop/annot/caffeine/caffeine/src/main/java/com/github/benmanes/caffeine/cache/CacheLoader.java
PARAMETER	com.github.benmanes.caffeine.cache.CacheLoader	asyncLoadAll(java.lang.Iterable,java.util.concurrent.Executor)	executor	1	/Users/nima/Desktop/annot/caffeine/caffeine/src/main/java/com/github/benmanes/caffeine/cache/CacheLoader.java
METHOD	com.github.benmanes.caffeine.cache.CacheLoader	asyncLoadAll(java.lang.Iterable,java.util.concurrent.Executor)	null	null	/Users/nima/Desktop/annot/caffeine/caffeine/src/main/java/com/github/benmanes/caffeine/cache/CacheLoader.java
PARAMETER	com.github.benmanes.caffeine.cache.CacheLoader	reload(K,V)	key	0	/Users/nima/Desktop/annot/caffeine/caffeine/src/main/java/com/github/benmanes/caffeine/cache/CacheLoader.java
PARAMETER	com.github.benmanes.caffeine.cache.CacheLoader	reload(K,V)	oldValue	1	/Users/nima/Desktop/annot/caffeine/caffeine/src/main/java/com/github/benmanes/caffeine/cache/CacheLoader.java
PARAMETER	com.github.benmanes.caffeine.cache.CacheLoader	asyncReload(K,V,java.util.concurrent.Executor)	key	0	/Users/nima/Desktop/annot/caffeine/caffeine/src/main/java/com/github/benmanes/caffeine/cache/CacheLoader.java
PARAMETER	com.github.benmanes.caffeine.cache.CacheLoader	asyncReload(K,V,java.util.concurrent.Executor)	oldValue	1	/Users/nima/Desktop/annot/caffeine/caffeine/src/main/java/com/github/benmanes/caffeine/cache/CacheLoader.java
PARAMETER	com.github.benmanes.caffeine.cache.CacheLoader	asyncReload(K,V,java.util.concurrent.Executor)	executor	2	/Users/nima/Desktop/annot/caffeine/caffeine/src/main/java/com/github/benmanes/caffeine/cache/CacheLoader.java
METHOD	com.github.benmanes.caffeine.cache.CacheLoader	asyncReload(K,V,java.util.concurrent.Executor)	null	null	/Users/nima/Desktop/annot/caffeine/caffeine/src/main/java/com/github/benmanes/caffeine/cache/CacheLoader.java
PARAMETER	com.github.benmanes.caffeine.cache.CacheWriter	write(K,V)	key	0	/Users/nima/Desktop/annot/caffeine/caffeine/src/main/java/com/github/benmanes/caffeine/cache/CacheWriter.java
PARAMETER	com.github.benmanes.caffeine.cache.CacheWriter	write(K,V)	value	1	/Users/nima/Desktop/annot/caffeine/caffeine/src/main/java/com/github/benmanes/caffeine/cache/CacheWriter.java
PARAMETER	com.github.benmanes.caffeine.cache.CacheWriter	delete(K,V,com.github.benmanes.caffeine.cache.RemovalCause)	key	0	/Users/nima/Desktop/annot/caffeine/caffeine/src/main/java/com/github/benmanes/caffeine/cache/CacheWriter.java
PARAMETER	com.github.benmanes.caffeine.cache.CacheWriter	delete(K,V,com.github.benmanes.caffeine.cache.RemovalCause)	cause	2	/Users/nima/Desktop/annot/caffeine/caffeine/src/main/java/com/github/benmanes/caffeine/cache/CacheWriter.java
METHOD	com.github.benmanes.caffeine.cache.CacheWriter	disabledWriter()	null	null	/Users/nima/Desktop/annot/caffeine/caffeine/src/main/java/com/github/benmanes/caffeine/cache/CacheWriter.java
PARAMETER	com.github.benmanes.caffeine.cache.Async$AsyncRemovalListener	onRemoval(K,java.util.concurrent.CompletableFuture,com.github.benmanes.caffeine.cache.RemovalCause)	future	1	/Users/nima/Desktop/annot/caffeine/caffeine/src/main/java/com/github/benmanes/caffeine/cache/Async.java
METHOD	com.github.benmanes.caffeine.cache.Caffeine	newBuilder()	null	null	/Users/nima/Desktop/annot/caffeine/caffeine/src/main/java/com/github/benmanes/caffeine/cache/Caffeine.java
METHOD	com.github.benmanes.caffeine.cache.Caffeine	from(com.github.benmanes.caffeine.cache.CaffeineSpec)	null	null	/Users/nima/Desktop/annot/caffeine/caffeine/src/main/java/com/github/benmanes/caffeine/cache/Caffeine.java
METHOD	com.github.benmanes.caffeine.cache.Caffeine	from(java.lang.String)	null	null	/Users/nima/Desktop/annot/caffeine/caffeine/src/main/java/com/github/benmanes/caffeine/cache/Caffeine.java
METHOD	com.github.benmanes.caffeine.cache.Caffeine	initialCapacity(int)	null	null	/Users/nima/Desktop/annot/caffeine/caffeine/src/main/java/com/github/benmanes/caffeine/cache/Caffeine.java
PARAMETER	com.github.benmanes.caffeine.cache.Caffeine	executor(java.util.concurrent.Executor)	executor	0	/Users/nima/Desktop/annot/caffeine/caffeine/src/main/java/com/github/benmanes/caffeine/cache/Caffeine.java
METHOD	com.github.benmanes.caffeine.cache.Caffeine	executor(java.util.concurrent.Executor)	null	null	/Users/nima/Desktop/annot/caffeine/caffeine/src/main/java/com/github/benmanes/caffeine/cache/Caffeine.java
METHOD	com.github.benmanes.caffeine.cache.Caffeine	getExecutor()	null	null	/Users/nima/Desktop/annot/caffeine/caffeine/src/main/java/com/github/benmanes/caffeine/cache/Caffeine.java
METHOD	com.github.benmanes.caffeine.cache.Caffeine	maximumSize(long)	null	null	/Users/nima/Desktop/annot/caffeine/caffeine/src/main/java/com/github/benmanes/caffeine/cache/Caffeine.java
METHOD	com.github.benmanes.caffeine.cache.Caffeine	maximumWeight(long)	null	null	/Users/nima/Desktop/annot/caffeine/caffeine/src/main/java/com/github/benmanes/caffeine/cache/Caffeine.java
PARAMETER	com.github.benmanes.caffeine.cache.Caffeine	weigher(com.github.benmanes.caffeine.cache.Weigher)	weigher	0	/Users/nima/Desktop/annot/caffeine/caffeine/src/main/java/com/github/benmanes/caffeine/cache/Caffeine.java
METHOD	com.github.benmanes.caffeine.cache.Caffeine	weigher(com.github.benmanes.caffeine.cache.Weigher)	null	null	/Users/nima/Desktop/annot/caffeine/caffeine/src/main/java/com/github/benmanes/caffeine/cache/Caffeine.java
METHOD	com.github.benmanes.caffeine.cache.Caffeine	getWeigher(boolean)	null	null	/Users/nima/Desktop/annot/caffeine/caffeine/src/main/java/com/github/benmanes/caffeine/cache/Caffeine.java
METHOD	com.github.benmanes.caffeine.cache.Caffeine	weakKeys()	null	null	/Users/nima/Desktop/annot/caffeine/caffeine/src/main/java/com/github/benmanes/caffeine/cache/Caffeine.java
METHOD	com.github.benmanes.caffeine.cache.Caffeine	weakValues()	null	null	/Users/nima/Desktop/annot/caffeine/caffeine/src/main/java/com/github/benmanes/caffeine/cache/Caffeine.java
METHOD	com.github.benmanes.caffeine.cache.Caffeine	softValues()	null	null	/Users/nima/Desktop/annot/caffeine/caffeine/src/main/java/com/github/benmanes/caffeine/cache/Caffeine.java
PARAMETER	com.github.benmanes.caffeine.cache.Caffeine	expireAfterWrite(long,java.util.concurrent.TimeUnit)	unit	1	/Users/nima/Desktop/annot/caffeine/caffeine/src/main/java/com/github/benmanes/caffeine/cache/Caffeine.java
METHOD	com.github.benmanes.caffeine.cache.Caffeine	expireAfterWrite(long,java.util.concurrent.TimeUnit)	null	null	/Users/nima/Desktop/annot/caffeine/caffeine/src/main/java/com/github/benmanes/caffeine/cache/Caffeine.java
PARAMETER	com.github.benmanes.caffeine.cache.Caffeine	expireAfterAccess(long,java.util.concurrent.TimeUnit)	unit	1	/Users/nima/Desktop/annot/caffeine/caffeine/src/main/java/com/github/benmanes/caffeine/cache/Caffeine.java
METHOD	com.github.benmanes.caffeine.cache.Caffeine	expireAfterAccess(long,java.util.concurrent.TimeUnit)	null	null	/Users/nima/Desktop/annot/caffeine/caffeine/src/main/java/com/github/benmanes/caffeine/cache/Caffeine.java
PARAMETER	com.github.benmanes.caffeine.cache.Caffeine	expireAfter(com.github.benmanes.caffeine.cache.Expiry)	expiry	0	/Users/nima/Desktop/annot/caffeine/caffeine/src/main/java/com/github/benmanes/caffeine/cache/Caffeine.java
METHOD	com.github.benmanes.caffeine.cache.Caffeine	expireAfter(com.github.benmanes.caffeine.cache.Expiry)	null	null	/Users/nima/Desktop/annot/caffeine/caffeine/src/main/java/com/github/benmanes/caffeine/cache/Caffeine.java
PARAMETER	com.github.benmanes.caffeine.cache.Caffeine	refreshAfterWrite(long,java.util.concurrent.TimeUnit)	unit	1	/Users/nima/Desktop/annot/caffeine/caffeine/src/main/java/com/github/benmanes/caffeine/cache/Caffeine.java
METHOD	com.github.benmanes.caffeine.cache.Caffeine	refreshAfterWrite(long,java.util.concurrent.TimeUnit)	null	null	/Users/nima/Desktop/annot/caffeine/caffeine/src/main/java/com/github/benmanes/caffeine/cache/Caffeine.java
PARAMETER	com.github.benmanes.caffeine.cache.Caffeine	ticker(com.github.benmanes.caffeine.cache.Ticker)	ticker	0	/Users/nima/Desktop/annot/caffeine/caffeine/src/main/java/com/github/benmanes/caffeine/cache/Caffeine.java
METHOD	com.github.benmanes.caffeine.cache.Caffeine	ticker(com.github.benmanes.caffeine.cache.Ticker)	null	null	/Users/nima/Desktop/annot/caffeine/caffeine/src/main/java/com/github/benmanes/caffeine/cache/Caffeine.java
METHOD	com.github.benmanes.caffeine.cache.Caffeine	getTicker()	null	null	/Users/nima/Desktop/annot/caffeine/caffeine/src/main/java/com/github/benmanes/caffeine/cache/Caffeine.java
PARAMETER	com.github.benmanes.caffeine.cache.Caffeine	removalListener(com.github.benmanes.caffeine.cache.RemovalListener)	removalListener	0	/Users/nima/Desktop/annot/caffeine/caffeine/src/main/java/com/github/benmanes/caffeine/cache/Caffeine.java
METHOD	com.github.benmanes.caffeine.cache.Caffeine	removalListener(com.github.benmanes.caffeine.cache.RemovalListener)	null	null	/Users/nima/Desktop/annot/caffeine/caffeine/src/main/java/com/github/benmanes/caffeine/cache/Caffeine.java
PARAMETER	com.github.benmanes.caffeine.cache.Caffeine	writer(com.github.benmanes.caffeine.cache.CacheWriter)	writer	0	/Users/nima/Desktop/annot/caffeine/caffeine/src/main/java/com/github/benmanes/caffeine/cache/Caffeine.java
METHOD	com.github.benmanes.caffeine.cache.Caffeine	writer(com.github.benmanes.caffeine.cache.CacheWriter)	null	null	/Users/nima/Desktop/annot/caffeine/caffeine/src/main/java/com/github/benmanes/caffeine/cache/Caffeine.java
METHOD	com.github.benmanes.caffeine.cache.Caffeine	recordStats()	null	null	/Users/nima/Desktop/annot/caffeine/caffeine/src/main/java/com/github/benmanes/caffeine/cache/Caffeine.java
PARAMETER	com.github.benmanes.caffeine.cache.Caffeine	recordStats(java.util.function.Supplier)	statsCounterSupplier	0	/Users/nima/Desktop/annot/caffeine/caffeine/src/main/java/com/github/benmanes/caffeine/cache/Caffeine.java
METHOD	com.github.benmanes.caffeine.cache.Caffeine	recordStats(java.util.function.Supplier)	null	null	/Users/nima/Desktop/annot/caffeine/caffeine/src/main/java/com/github/benmanes/caffeine/cache/Caffeine.java
METHOD	com.github.benmanes.caffeine.cache.Caffeine	getStatsCounterSupplier()	null	null	/Users/nima/Desktop/annot/caffeine/caffeine/src/main/java/com/github/benmanes/caffeine/cache/Caffeine.java
METHOD	com.github.benmanes.caffeine.cache.Caffeine	build()	null	null	/Users/nima/Desktop/annot/caffeine/caffeine/src/main/java/com/github/benmanes/caffeine/cache/Caffeine.java
PARAMETER	com.github.benmanes.caffeine.cache.Caffeine	build(com.github.benmanes.caffeine.cache.CacheLoader)	loader	0	/Users/nima/Desktop/annot/caffeine/caffeine/src/main/java/com/github/benmanes/caffeine/cache/Caffeine.java
METHOD	com.github.benmanes.caffeine.cache.Caffeine	build(com.github.benmanes.caffeine.cache.CacheLoader)	null	null	/Users/nima/Desktop/annot/caffeine/caffeine/src/main/java/com/github/benmanes/caffeine/cache/Caffeine.java
PARAMETER	com.github.benmanes.caffeine.cache.Caffeine	buildAsync(com.github.benmanes.caffeine.cache.CacheLoader)	loader	0	/Users/nima/Desktop/annot/caffeine/caffeine/src/main/java/com/github/benmanes/caffeine/cache/Caffeine.java
METHOD	com.github.benmanes.caffeine.cache.Caffeine	buildAsync(com.github.benmanes.caffeine.cache.CacheLoader)	null	null	/Users/nima/Desktop/annot/caffeine/caffeine/src/main/java/com/github/benmanes/caffeine/cache/Caffeine.java
PARAMETER	com.github.benmanes.caffeine.cache.Caffeine	buildAsync(com.github.benmanes.caffeine.cache.AsyncCacheLoader)	loader	0	/Users/nima/Desktop/annot/caffeine/caffeine/src/main/java/com/github/benmanes/caffeine/cache/Caffeine.java
METHOD	com.github.benmanes.caffeine.cache.Caffeine	buildAsync(com.github.benmanes.caffeine.cache.AsyncCacheLoader)	null	null	/Users/nima/Desktop/annot/caffeine/caffeine/src/main/java/com/github/benmanes/caffeine/cache/Caffeine.java
METHOD	com.github.benmanes.caffeine.cache.Node	getKeyReference()	null	null	/Users/nima/Desktop/annot/caffeine/caffeine/src/main/java/com/github/benmanes/caffeine/cache/Node.java
METHOD	com.github.benmanes.caffeine.cache.Node	getValueReference()	null	null	/Users/nima/Desktop/annot/caffeine/caffeine/src/main/java/com/github/benmanes/caffeine/cache/Node.java
PARAMETER	com.github.benmanes.caffeine.cache.Node	setValue(V,java.lang.ref.ReferenceQueue)	value	0	/Users/nima/Desktop/annot/caffeine/caffeine/src/main/java/com/github/benmanes/caffeine/cache/Node.java
PARAMETER	com.github.benmanes.caffeine.cache.Node	containsValue(java.lang.Object)	value	0	/Users/nima/Desktop/annot/caffeine/caffeine/src/main/java/com/github/benmanes/caffeine/cache/Node.java
METHOD	com.github.benmanes.caffeine.cache.References$InternalReference	getKeyReference()	null	null	/Users/nima/Desktop/annot/caffeine/caffeine/src/main/java/com/github/benmanes/caffeine/cache/References.java
PARAMETER	com.github.benmanes.caffeine.cache.References$LookupKeyReference	LookupKeyReference(E)	e	0	/Users/nima/Desktop/annot/caffeine/caffeine/src/main/java/com/github/benmanes/caffeine/cache/References.java
PARAMETER	com.github.benmanes.caffeine.cache.References$WeakValueReference	WeakValueReference(java.lang.Object,V,java.lang.ref.ReferenceQueue)	keyReference	0	/Users/nima/Desktop/annot/caffeine/caffeine/src/main/java/com/github/benmanes/caffeine/cache/References.java
PARAMETER	com.github.benmanes.caffeine.cache.References$SoftValueReference	SoftValueReference(java.lang.Object,V,java.lang.ref.ReferenceQueue)	keyReference	0	/Users/nima/Desktop/annot/caffeine/caffeine/src/main/java/com/github/benmanes/caffeine/cache/References.java
PARAMETER	com.github.benmanes.caffeine.cache.BoundedLocalCache$BoundedPolicy$BoundedEviction	weightOf(K)	key	0	/Users/nima/Desktop/annot/caffeine/caffeine/src/main/java/com/github/benmanes/caffeine/cache/BoundedLocalCache.java
PARAMETER	com.github.benmanes.caffeine.cache.FrequencySketch	frequency(E)	e	0	/Users/nima/Desktop/annot/caffeine/caffeine/src/main/java/com/github/benmanes/caffeine/cache/FrequencySketch.java
PARAMETER	com.github.benmanes.caffeine.cache.FrequencySketch	increment(E)	e	0	/Users/nima/Desktop/annot/caffeine/caffeine/src/main/java/com/github/benmanes/caffeine/cache/FrequencySketch.java
PARAMETER	com.github.benmanes.caffeine.cache.stats.ConcurrentStatsCounter	incrementBy(com.github.benmanes.caffeine.cache.stats.StatsCounter)	other	0	/Users/nima/Desktop/annot/caffeine/caffeine/src/main/java/com/github/benmanes/caffeine/cache/stats/ConcurrentStatsCounter.java
PARAMETER	com.github.benmanes.caffeine.SingleConsumerQueue	append(com.github.benmanes.caffeine.SingleConsumerQueue.Node,com.github.benmanes.caffeine.SingleConsumerQueue.Node)	first	0	/Users/nima/Desktop/annot/caffeine/caffeine/src/main/java/com/github/benmanes/caffeine/SingleConsumerQueue.java
PARAMETER	com.github.benmanes.caffeine.SingleConsumerQueue	append(com.github.benmanes.caffeine.SingleConsumerQueue.Node,com.github.benmanes.caffeine.SingleConsumerQueue.Node)	last	1	/Users/nima/Desktop/annot/caffeine/caffeine/src/main/java/com/github/benmanes/caffeine/SingleConsumerQueue.java
PARAMETER	com.github.benmanes.caffeine.SingleConsumerQueue	transferOrCombine(com.github.benmanes.caffeine.SingleConsumerQueue.Node,com.github.benmanes.caffeine.SingleConsumerQueue.Node)	first	0	/Users/nima/Desktop/annot/caffeine/caffeine/src/main/java/com/github/benmanes/caffeine/SingleConsumerQueue.java
PARAMETER	com.github.benmanes.caffeine.SingleConsumerQueue	findLast(com.github.benmanes.caffeine.SingleConsumerQueue.Node)	node	0	/Users/nima/Desktop/annot/caffeine/caffeine/src/main/java/com/github/benmanes/caffeine/SingleConsumerQueue.java
METHOD	com.github.benmanes.caffeine.SingleConsumerQueue	findLast(com.github.benmanes.caffeine.SingleConsumerQueue.Node)	null	null	/Users/nima/Desktop/annot/caffeine/caffeine/src/main/java/com/github/benmanes/caffeine/SingleConsumerQueue.java
